,checkout,dairy,drinks,fruit,spices
checkout,0.0,0.0,0.0,0.0,0.0
dairy,0.3912111468381565,0.0,0.22315112540192927,0.189924973204716,0.1957127545551983
drinks,0.5370228029720727,0.027158595951831926,0.0,0.21906225980015373,0.2167563412759416
fruit,0.4995112414467253,0.2383186705767351,0.13626588465298142,0.0,0.12590420332355814
spices,0.25100026673779674,0.3235529474526541,0.27313950386769803,0.15230728194185114,0.0
